OBJECTID *,ID_EXPLORACION,ID_ESTUDIO,ID_FUENTE,NO_ESTUDIO,NO_EXPLORACION,CLASE_EXPLORACION,TIPO_EXPLORACION,PROF_EXPLORACION__m_,NIVEL_FREATICO__m_,EQUIPO_UTILIZADO,FECHA,NO_REFERENCIA,REF_SECTOR,REF_UBICACION,ESTE,NORTE,COD,Shape *,X_wgs_1,Y_wgs_1,X_wgs,Y_wgs,,
1,UPT1P1,UPT1,UPT,1,1,P,PERFORACION,20,<Null>,<Null>,<Null>,PERFORACION 1,NORTE,COLEGIO GIMNASIO CAMPESTRE DEL NORTE,4962959.605,2173202.202,1,Point,-73.334572,5.567437,-73.334572,5.567437,,
2,UPT1P2,UPT1,UPT,1,2,P,PERFORACION,20,<Null>,<Null>,<Null>,PERFORACION 2,NORTE,BARRIO ALCALA REAL,4963124.783,2173925.274,2,Point,-73.333084,5.573981,-73.333084,5.573981,,
3,UPT1P3,UPT1,UPT,1,3,P,PERFORACION,20,<Null>,<Null>,<Null>,PERFORACION 3,NORTE,BARRIO COOMPES,4962170.482,2173856.078,3,Point,-73.341703,5.57335,-73.341703,5.57335,,
4,UPT1P4,UPT1,UPT,1,4,P,PERFORACION,27,<Null>,<Null>,<Null>,PERFORACION 4,NORTE,COLEGIO CRISTO REY,4962488.281,2172801.409,4,Point,-73.338827,5.563807,-73.338827,5.563807,,
5,UPT1P5,UPT1,UPT,1,5,P,PERFORACION,25,<Null>,<Null>,<Null>,PERFORACION 5,CENTRO,HOSPITAL SAN RAFAEL,4960058.611,2170187.084,5,Point,-73.360758,5.540135,-73.360758,5.540135,,
6,UPT1P6,UPT1,UPT,1,6,P,PERFORACION,35,<Null>,<Null>,<Null>,PERFORACION 6,NORTE,PLAZA NORTE,4961751.658,2172659.875,6,Point,-73.34548,5.562522,-73.34548,5.562522,,
7,UPT1P7,UPT1,UPT,1,7,P,PERFORACION,40,<Null>,<Null>,<Null>,PERFORACION 7,NORTE,LAS QUINTAS,4961461.964,2171593.323,7,Point,-73.348091,5.552869,-73.348091,5.552869,,
8,UPT1P9,UPT1,UPT,1,9,P,PERFORACION,10,<Null>,<Null>,<Null>,PERFORACION 9,ORIENTE,AEROPUERTO,4962390.128,2171025.123,8,Point,-73.339704,5.547731,-73.339704,5.547731,,
9,UPT1P10,UPT1,UPT,1,10,P,PERFORACION,45,<Null>,<Null>,<Null>,PERFORACION 10,CENTRO,MESOPOTAMIA,4961136.835,2170819.581,9,Point,-73.351023,5.545864,-73.351023,5.545864,,
10,UPT1P11,UPT1,UPT,1,11,P,PERFORACION,21,<Null>,<Null>,<Null>,PERFORACION 11,CENTRO,UNIVERSIDAD ANTONIO NARIÑO,4960486.978,2169489.904,10,Point,-73.356886,5.533828,-73.356886,5.533828,,
11,UPT1P12,UPT1,UPT,1,12,P,PERFORACION,21,<Null>,<Null>,<Null>,PERFORACION 12,ORIENTE,AEROPUERTO,4961836.982,2170131.9,11,Point,-73.344696,5.539645,-73.344696,5.539645,,
12,UPT1P13,UPT1,UPT,1,13,P,PERFORACION,16,<Null>,<Null>,<Null>,PERFORACION 13,OCCIDENTE,RICAURTE,4958811.591,2169037.332,12,Point,-73.372015,5.529722,-73.372015,5.529722,,
13,UPT1P14,UPT1,UPT,1,14,P,PERFORACION,31,<Null>,<Null>,<Null>,PERFORACION 14,OCCIDENTE,CAMINOS VECINALES,4960954.59,2168946.523,13,Point,-73.352659,5.528912,-73.352659,5.528912,,
14,UPT1P15,UPT1,UPT,1,15,P,PERFORACION,35,<Null>,<Null>,<Null>,PERFORACION 15,OCCIDENTE,XIATIVILLA,4960960.913,2168024.304,14,Point,-73.352597,5.520567,-73.352597,5.520567,,
15,UPT1P16,UPT1,UPT,1,16,P,PERFORACION,35,<Null>,<Null>,<Null>,PERFORACION 16,SUR,BOCHICA,4960238.67,2168099.548,15,Point,-73.359121,5.521244,-73.359121,5.521244,,
16,UPT1P17,UPT1,UPT,1,17,P,PERFORACION,20,<Null>,<Null>,<Null>,PERFORACION 17,SUR,SURINAMA,4959117.626,2167545.052,16,Point,-73.369243,5.516219,-73.369243,5.516219,,
17,UPT1P18,UPT1,UPT,1,18,P,PERFORACION,18,<Null>,<Null>,<Null>,PERFORACION 18,SUR,SAN FRANCISCO,4959341.02,2166762.317,17,Point,-73.367221,5.509137,-73.367221,5.509137,,
18,UPT2S1,UPT2,UPT,2,1,S,PERFORACION,15,<Null>,<Null>,<Null>,PERFORACION,ESTANCIA EL ROBLE,ESTANCIA EL ROBLE 1,4960703.092,2172403.009,18,Point,-73.354949,5.560192,-73.354949,5.560192,,
19,UPT2S2,UPT2,UPT,2,2,S,PERFORACION,15.5,<Null>,<Null>,<Null>,PERFORACION,ESTANCIA EL ROBLE,ESTANCIA EL ROBLE 2,4960884.759,2172305.761,19,Point,-73.353308,5.559313,-73.353308,5.559313,,
20,DEI3P1,DEI3,DEI,3,1,P,PERFORACION,16,"3,3",<Null>,<Null>,PERFORACION 1,BARRIO LA MARIA,BARRIO LA MARIA,4960215.539,2171304.84,20,Point,-73.359347,5.550251,-73.359347,5.550251,,
21,DEI3P2,DEI3,DEI,3,2,P,PERFORACION,16,"3,3",<Null>,<Null>,PERFORACION 2,BARRIO LA MARIA,BARRIO LA MARIA,4960215.548,2171319.153,21,Point,-73.359347,5.550381,-73.3592802,5.550381,,
22,DEI3P3,DEI3,DEI,3,3,P,PERFORACION,16,"3,3",<Null>,<Null>,PERFORACION 3,BARRIO LA MARIA,BARRIO LA MARIA,4960202.938,2171317.626,22,Point,-73.359461,5.550367,-73.359461,5.550367,,
23,DEI3P4,DEI3,DEI,3,4,P,PERFORACION MANUAL,11,"3,3",<Null>,<Null>,PERFORACION 4,BARRIO LA MARIA,BARRIO LA MARIA,4960225.376,2171296.126,23,Point,-73.359258,5.550172,-73.359258,5.550172,,
24,LSG4P3,LSG4,LSG,4,3,P,PERFORACION,12,<Null>,<Null>,<Null>,PERFORACION ,SANTA LUCIA,SANTA LUCIA,4959757.948,2169847.041,24,Point,-73.363472,5.537056,-73.363472,5.537056,,
25,LSG4P4,LSG4,LSG,4,4,P,PERFORACION,12,<Null>,<Null>,<Null>,PERFORACION ,SANTA LUCIA,SANTA LUCIA,4959757.948,2169847.041,25,Point,-73.363472,5.537056,-73.36339637,5.537184597,,
26,DEI5P2,DEI5,DEI,5,2,P,PERFORACION,15.5,7,<Null>,<Null>,PERFORACION 2,URBANIZACION CARMELO ,URBANIZACION CARMELO ,4961547.278,2171455.867,26,Point,-73.347319,5.551625,-73.347319,5.551625,,
27,DEI5P1,DEI5,DEI,5,1,P,PERFORACION,15,7,<Null>,<Null>,PERFORACION 1,URBANIZACION CARMELO ,URBANIZACION CARMELO ,4961541.427,2171442.365,27,Point,-73.347372,5.551503,-73.347372,5.551503,,
28,DEI5P3,DEI5,DEI,5,3,P,PERFORACION,15,7,<Null>,<Null>,PERFORACION 3,URBANIZACION CARMELO ,URBANIZACION CARMELO ,4961550.655,2171445.122,28,Point,-73.347289,5.551528,-73.347289,5.551528,,
29,DEI5P4,DEI5,DEI,5,4,P,PERFORACION,15,7,<Null>,<Null>,PERFORACION 4,URBANIZACION CARMELO ,URBANIZACION CARMELO ,4961559.273,2171457.395,29,Point,-73.347211,5.551639,-73.347211,5.551639,,
30,APP6P1,APP6,APP,6,1,P,PERFORACION,15,<Null>,<Null>,<Null>,PERFORACION 1,VILLA OLIMPICA,VILLA OLIMPICA,4960902.796,2170626.283,30,Point,-73.353136,5.544114,-73.353136,5.544114,,
31,APP6P2,APP6,APP,6,2,P,PERFORACION,15,<Null>,<Null>,<Null>,PERFORACION 2,VILLA OLIMPICA,VILLA OLIMPICA,4960888.944,2170605.42,31,Point,-73.353261,5.543925,-73.353261,5.543925,,
32,APP6P3,APP6,APP,6,3,P,PERFORACION,15,<Null>,<Null>,<Null>,PERFORACION 3,VILLA OLIMPICA,VILLA OLIMPICA,4960874.473,2170578.418,32,Point,-73.353392,5.543681,-73.353392,5.543681,,
33,CTE7P1,CTE7,CTE,7,1,P,PERFORACION,12,<Null>,<Null>,<Null>,PERFORACION 1,SANTA ANA,SANTA ANA,4960860.415,2170555.508,33,Point,-73.353519,5.543473,-73.353519,5.543473,,
34,CTE7P3,CTE7,CTE,7,3,P,PERFORACION,12,<Null>,<Null>,<Null>,PERFORACION 3,SANTA ANA,SANTA ANA,4960846.254,2170531.575,34,Point,-73.353646,5.543256,-73.353646,5.543256,,
35,LHL8P3,LHL8,LHL,8,3,P,PERFORACION,15,<Null>,<Null>,<Null>,BARRENO 3,LAS NIEVES ,LAS NIEVES,4959903.248,2169913.601,35,Point,-73.36216,5.537659,-73.36216,5.537659,,
36,LHL8P4,LHL8,LHL,8,4,P,PERFORACION,15,<Null>,<Null>,<Null>,BARRENO  4,LAS NIEVES ,LAS NIEVES,4959903.248,2169913.601,36,Point,-73.36216,5.537659,-73.3620864,5.537710545,,
37,LHL9P1,LHL9,LHL,9,1,P,PERFORACION,12,<Null>,<Null>,<Null>,BARRENO 1,CENTRO,CENTRO,4959994.417,2168948.263,37,Point,-73.361331,5.528923,-73.361331,5.528923,,
38,LHL9P3,LHL9,LHL,9,3,P,PERFORACION,10.5,<Null>,<Null>,<Null>,BARRENO 3,CENTRO,CENTRO,4959994.417,2168948.263,38,Point,-73.361331,5.528923,-73.36114494,5.529112932,,
39,LHL9P4,LHL9,LHL,9,4,P,PERFORACION,15,<Null>,<Null>,<Null>,BARRENO  4,CENTRO,CENTRO,4959994.417,2168948.263,39,Point,-73.361331,5.528923,-73.36127452,5.529021018,,
40,APP10P4,APP10,APP,10,4,P,PERFORACION,15,<Null>,<Null>,<Null>,BARRENO  4,<Null>,<Null>,4961111.119,2172061.859,40,Point,-73.351262,5.557107,-73.351262,5.557107,,
41,APP10P5,APP10,APP,10,5,P,PERFORACION,15,<Null>,<Null>,<Null>,BARRENO  5,<Null>,<Null>,4961111.119,2172061.859,41,Point,-73.351262,5.557107,-73.351214,5.557147932,,
42,LHL11P1,LHL11,LHL,11,1,P,PERFORACION,20.3,<Null>,<Null>,<Null>,BARRENO 1,<Null>,<Null>,4959980.983,2170410.134,42,Point,-73.361461,5.542153,-73.361461,5.542153,,
43,LHL11P4,LHL11,LHL,11,4,P,PERFORACION,21,<Null>,<Null>,<Null>,BARRENO 4,<Null>,<Null>,4959980.983,2170410.134,43,Point,-73.361461,5.542153,-73.36143439,5.54230863,,
44,LSP12P1,LSP12,LSP,12,1,P,PERFORACION,15,<Null>,<Null>,<Null>,SONDEO 1,B RODEO TUNJA,NORTE,4961068.332,2171939.58,44,Point,-73.351648,5.556,-73.351648,5.556,,
45,LSP12P2,LSP12,LSP,12,2,P,PERFORACION,15,<Null>,<Null>,<Null>,SONDEO 2,B RODEO TUNJA,NORTE,4961068.332,2171939.58,45,Point,-73.351648,5.556,-73.35149428,5.556034216,,
46,LSP12P3,LSP12,LSP,12,3,P,PERFORACION,15,<Null>,<Null>,<Null>,SONDEO 3,B RODEO TUNJA,NORTE,4961068.332,2171939.58,46,Point,-73.351648,5.556,-73.35153518,5.556135599,,
47,JIS13P1,JIS13,JIS,13,1,P,PERFORACION,14.4,"1,8",<Null>,<Null>,SONDEO 1,GLORIETA,GLORIETA,4960585.775,2170721.956,47,Point,-73.356,5.544978,-73.356,5.544978,,
48,JIS13P2,JIS13,JIS,13,2,P,PERFORACION,13.4,"1,8",<Null>,<Null>,SONDEO 2,GLORIETA,GLORIETA,4960585.775,2170721.956,48,Point,-73.356,5.544978,-73.35582046,5.545129277,,
49,JIS13P3,JIS13,JIS,13,3,P,PERFORACION,13.6,"1,8",<Null>,<Null>,SONDEO 3,GLORIETA,GLORIETA,4960585.775,2170721.956,49,Point,-73.356,5.544978,-73.35587593,5.544994758,,
50,JIS13P4,JIS13,JIS,13,4,P,PERFORACION,14.4,"1,8",<Null>,<Null>,SONDEO 4,GLORIETA,GLORIETA,4960585.775,2170721.956,50,Point,-73.356,5.544978,-73.35583684,5.545063487,,
51,CSE14P3,CSE14,CSE,14,3,P,PERFORACION,15.2,<Null>,<Null>,<Null>,SONDEO 3,LOS CRISTALES,LOS CRISTALES,4960918.649,2171940.553,51,Point,-73.353,5.556008,-73.353,5.556008,,
52,CSE14P4,CSE14,CSE,14,4,P,PERFORACION,15.2,<Null>,<Null>,<Null>,SONDEO 4,LOS CRISTALES,LOS CRISTALES,4960918.649,2171940.553,52,Point,-73.353,5.556008,-73.35295994,5.556163606,,
53,IJA15P1,IJA15,IJA,15,1,P,PERFORACION,15,<Null>,<Null>,<Null>,SONDEO 1,LAS AMERICAS,LAS AMERICAS,4959320.253,2168762.891,53,Point,-73.367419,5.527242,-73.367419,5.527242,,
54,IJA15P2,IJA15,IJA,15,2,P,PERFORACION,15,<Null>,<Null>,<Null>,SONDEO 2,LAS AMERICAS,LAS AMERICAS,4959320.253,2168762.891,54,Point,-73.367419,5.527242,-73.36724094,5.52742278,,
55,IJA15P3,IJA15,IJA,15,3,P,PERFORACION,15,<Null>,<Null>,<Null>,SONDEO 3,LAS AMERICAS,LAS AMERICAS,4959320.253,2168762.891,55,Point,-73.367419,5.527242,-73.3672991,5.52729415,,
56,IJA15P4,IJA15,IJA,15,4,P,PERFORACION,15,<Null>,<Null>,<Null>,SONDEO 4,LAS AMERICAS,LAS AMERICAS,4959320.253,2168762.891,56,Point,-73.367419,5.527242,-73.36725037,5.527387949,,
57,AUS16P5,AUS16,AUS,16,5,P,PERFORACION,14,"1,5",<Null>,<Null>,PERFORACION 3,LAS VILLAS,LAS VILLAS,4962953.906,2172942.915,57,Point,-73.334622,5.56509,-73.334622,5.56509,,
58,AUS16P1,AUS16,AUS,16,1,P,PERFORACION,25,"2,5",<Null>,<Null>,PERFORACION 1,LAS VILLAS,LAS VILLAS,4962953.906,2172942.915,58,Point,-73.334622,5.56509,-73.33455035,5.565235152,,
59,AUS16P3,AUS16,AUS,16,3,P,PERFORACION,25,"3,5",<Null>,<Null>,PERFORACION 2,LAS VILLAS,LAS VILLAS,4962953.906,2172942.915,59,Point,-73.334622,5.56509,-73.33446967,5.565179147,,
60,AUS16P8,AUS16,AUS,16,8,P,PERFORACION,25.5,"3,2",<Null>,<Null>,PERFORACION 4,LAS VILLAS,LAS VILLAS,4962953.906,2172942.915,60,Point,-73.334622,5.56509,-73.33443425,5.565185759,,
61,AIJ17P1,AIJ17,AIJ,17,1,P,PERFORACION,15,<Null>,<Null>,<Null>,SONDEO 1,JOSE JOAQUIN CAMACHO ,JOSE JOAQUIN CAMACHO ,4961081.937,2171916.245,61,Point,-73.351525,5.555789,-73.351525,5.555789,,
62,AIJ17P2,AIJ17,AIJ,17,2,P,PERFORACION,15,<Null>,<Null>,<Null>,SONDEO 2,JOSE JOAQUIN CAMACHO ,JOSE JOAQUIN CAMACHO ,4961081.937,2171916.245,62,Point,-73.351525,5.555789,-73.35139493,5.555926066,,
63,AIJ17P3,AIJ17,AIJ,17,3,P,PERFORACION,15,<Null>,<Null>,<Null>,SONDEO 3,JOSE JOAQUIN CAMACHO ,JOSE JOAQUIN CAMACHO ,4961081.937,2171916.245,63,Point,-73.351525,5.555789,-73.35134902,5.555899528,,
64,AIJ17P4,AIJ17,AIJ,17,4,P,PERFORACION,15,<Null>,<Null>,<Null>,SONDEO 4,JOSE JOAQUIN CAMACHO ,JOSE JOAQUIN CAMACHO ,4961081.937,2171916.245,64,Point,-73.351525,5.555789,-73.35135116,5.555827698,,
65,SIS18P2,SIS18,SIS,18,2,P,PERFORACION,10,<Null>,<Null>,<Null>,PERFORACION 2,JOSE JOAQUIN CAMACHO ,JOSE JOAQUIN CAMACHO ,4960981.574,2172008.583,65,Point,-73.352432,5.556624,-73.352432,5.556624,,
66,SIS18P4,SIS18,SIS,18,4,P,PERFORACION,10,<Null>,<Null>,<Null>,PERFORACION 3,JOSE JOAQUIN CAMACHO ,JOSE JOAQUIN CAMACHO ,4960981.574,2172008.583,66,Point,-73.352432,5.556624,-73.35237857,5.556809363,,
67,AUS19P9,AUS19,AUS,19,9,P,PERFORACION,10.2,"2,5",<Null>,<Null>,PERFORACION9,LOMBARDIA,LOMBARDIA,4961697.535,2171022.737,67,Point,-73.34596,5.547706,-73.34596,5.547706,,
68,AUS19P10,AUS19,AUS,19,10,P,PERFORACION,12,3,<Null>,<Null>,PERFORACION10,LOMBARDIA,LOMBARDIA,4961697.535,2171022.737,68,Point,-73.34596,5.547706,-73.3457853,5.547872671,,
69,AUS19P11,AUS19,AUS,19,11,P,PERFORACION,12,"3,5",<Null>,<Null>,PERFORACION11,LOMBARDIA,LOMBARDIA,4961697.535,2171022.737,69,Point,-73.34596,5.547706,-73.3459352,5.547800031,,
70,AUS19P12,AUS19,AUS,19,12,P,PERFORACION,12,3,<Null>,<Null>,PERFORACION12,LOMBARDIA,LOMBARDIA,4961697.535,2171022.737,70,Point,-73.34596,5.547706,-73.34582205,5.547769153,,
71,LSG20P3,LSG20,LSG,20,3,P,PERFORACION,16,<Null>,<Null>,<Null>,PERFORACION3,LAS NIEVES ,LAS NIEVES,4960480.259,2169978.034,71,Point,-73.356949,5.538245,-73.356949,5.538245,,
72,LSG20P4,LSG20,LSG,20,4,P,PERFORACION,16,<Null>,<Null>,<Null>,PERFORACION4,LAS NIEVES ,LAS NIEVES,4960480.259,2169978.034,72,Point,-73.356949,5.538245,-73.35684664,5.538278852,,
73,IJA21P3,IJA21,IJA,21,3,P,PERFORACION,16,<Null>,<Null>,<Null>,PERFORACION3,<Null>,AV UNIVERSITARIA,4960029.07,2170635.711,73,Point,-73.361028,5.544194,-73.361028,5.544194,,
74,IJA21P4,IJA21,IJA,21,4,P,PERFORACION,16,<Null>,<Null>,<Null>,PERFORACION4,AV UNIVERSITARIA,AV UNIVERSITARIA,4960029.07,2170635.711,74,Point,-73.361028,5.544194,-73.36089435,5.544211089,,
75,AUS22P1,AUS22,AUS,22,1,P,PERFORACION,21,8,<Null>,<Null>,PERFORACION1,AV UNIVERSITARIA,AV UNIVERSITARIA,4961989.942,2172183.461,75,Point,-73.343325,5.558212,-73.343325,5.558212,,
76,AUS22P2,AUS22,AUS,22,2,P,PERFORACION,21,"1,5",<Null>,<Null>,PERFORACION2,AV UNIVERSITARIA,AV UNIVERSITARIA,4961989.942,2172183.461,76,Point,-73.343325,5.558212,-73.34317557,5.558343133,,
77,AUS22P4,AUS22,AUS,22,4,P,PERFORACION,21,"3,2",<Null>,<Null>,PERFORACION4,<Null>,AV UNIVERSITARIA,4961989.942,2172183.461,77,Point,-73.343325,5.558212,-73.34326651,5.558380857,,
78,AUS22P6,AUS22,AUS,22,6,P,PERFORACION,21,"3,2",<Null>,<Null>,PERFORACION6,<Null>,AV UNIVERSITARIA,4961989.942,2172183.461,78,Point,-73.343325,5.558212,-73.3431834,5.55831739,,
79,IJA23P1,IJA23,IJA,23,1,P,PERFORACION,16,<Null>,<Null>,<Null>,PERFORACION1,<Null>,<Null>,4961366.751,2167788.354,79,Point,-73.348931,5.518433,-73.348931,5.518433,,
80,IJA23P2,IJA23,IJA,23,2,P,PERFORACION,16,<Null>,<Null>,<Null>,PERFORACION2,<Null>,<Null>,4961366.751,2167788.354,80,Point,-73.348931,5.518433,-73.34889817,5.518510155,,
81,IJA23P3,IJA23,IJA,23,3,P,PERFORACION,16,<Null>,<Null>,<Null>,PERFORACION3,<Null>,<Null>,4961366.751,2167788.354,81,Point,-73.348931,5.518433,-73.34890323,5.518524133,,
82,IJA23P4,IJA23,IJA,23,4,P,PERFORACION,16,<Null>,<Null>,<Null>,PERFORACION4,<Null>,<Null>,4961366.751,2167788.354,82,Point,-73.348931,5.518433,-73.34881257,5.518542631,,
83,AUS24P1,AUS24,AUS,24,1,P,PERFORACION,20,"4,5",<Null>,<Null>,PERFORACION1,<Null>,<Null>,4960843.128,2169069.828,83,Point,-73.353667,5.530028,-73.353667,5.530028,,
84,AUS24P3,AUS24,AUS,24,3,P,PERFORACION,20,"4,5",<Null>,<Null>,PERFORACION3,<Null>,<Null>,4960843.128,2169069.828,84,Point,-73.353667,5.530028,-73.35351356,5.53005564,,
85,AUS24P4,AUS24,AUS,24,4,P,PERFORACION,20,"4,5",<Null>,<Null>,PERFORACION4,<Null>,<Null>,4960843.128,2169069.828,85,Point,-73.353667,5.530028,-73.35350336,5.530222747,,
86,AUS24P8,AUS24,AUS,24,8,P,PERFORACION,20,"4,5",<Null>,<Null>,PERFORACION8,<Null>,<Null>,4960843.128,2169069.828,86,Point,-73.353667,5.530028,-73.35352589,5.530173754,,
87,AUS24P10,AUS24,AUS,24,10,P,PERFORACION,20,"4,5",<Null>,<Null>,PERFORACION10,<Null>,<Null>,4960843.128,2169069.828,87,Point,-73.353667,5.530028,-73.35366165,5.530140853,,
88,AUS24P13,AUS24,AUS,24,13,P,PERFORACION,20,"4,5",<Null>,<Null>,PERFORACION13,<Null>,<Null>,4960843.128,2169069.828,88,Point,-73.353667,5.530028,-73.35358152,5.530052837,,
89,AUS24P15,AUS24,AUS,24,15,P,PERFORACION,21,"4,5",<Null>,<Null>,PERFORACION15,<Null>,<Null>,4960843.128,2169069.828,89,Point,-73.353667,5.530028,-73.35350355,5.530157649,,
90,AUS24P16,AUS24,AUS,24,16,P,PERFORACION,22,"4,5",<Null>,<Null>,PERFORACION16,<Null>,<Null>,4960843.128,2169069.828,90,Point,-73.353667,5.530028,-73.35356752,5.530221429,,
91,IAF25P1,IAF25,IAF,25,1,P,PERFORACION,18,<Null>,<Null>,<Null>,SONDEO 1,<Null>,<Null>,4960681.603,2171537.72,91,Point,-73.355139,5.552361,-73.355139,5.552361,,
92,IAF25P2,IAF25,IAF,25,2,P,PERFORACION,18,<Null>,<Null>,<Null>,SONDEO 2,<Null>,<Null>,4960681.603,2171537.72,92,Point,-73.355139,5.552361,-73.35509498,5.552504854,,
93,SCE26P1,SCE26,SCE,26,1,P,PERFORACION ,24,<Null>,<Null>,<Null>,PERFORACION 1,AV UNIVERSITARIA,<Null>,4961594.615,2170889.536,93,Point,-73.346889,5.5465,-73.346889,5.5465,,
94,SCE26P2,SCE26,SCE,26,2,P,PERFORACION ,24,<Null>,<Null>,<Null>,PERFORACION 2,AV UNIVERSITARIA,<Null>,4961594.615,2170889.536,94,Point,-73.346889,5.5465,-73.34669699,5.54668167,,
95,SCE26P3,SCE26,SCE,26,3,P,PERFORACION ,24,<Null>,<Null>,<Null>,PERFORACION 3,AV UNIVERSITARIA,<Null>,4961594.615,2170889.536,95,Point,-73.346889,5.5465,-73.34685826,5.546686336,,
96,SCE26P4,SCE26,SCE,26,4,P,PERFORACION ,24,<Null>,<Null>,<Null>,PERFORACION 4,AV UNIVERSITARIA,<Null>,4961594.615,2170889.536,96,Point,-73.346889,5.5465,-73.34670069,5.546505107,,
97,SCE26P5,SCE26,SCE,26,5,P,PERFORACION ,24,<Null>,<Null>,<Null>,PERFORACION 5,AV UNIVERSITARIA,<Null>,4961594.615,2170889.536,97,Point,-73.346889,5.5465,-73.34675761,5.546574482,,
98,SCE26P6,SCE26,SCE,26,6,P,PERFORACION ,24,<Null>,<Null>,<Null>,PERFORACION 6,AV UNIVERSITARIA,<Null>,4961594.615,2170889.536,98,Point,-73.346889,5.5465,-73.34672843,5.546516037,,
99,PYA27P1,PYA27,PYA,27,1,P,PERFORACION,10,<Null>,<Null>,<Null>,PERFORACION1,BARRIO RODEO ,<Null>,4961983.784,2173759.194,99,Point,-73.343389,5.572472,-73.343389,5.572472,,
100,PYA27P2,PYA27,PYA,27,2,P,PERFORACION,10,<Null>,<Null>,<Null>,PERFORACION2,BARRIO RODEO ,<Null>,4961983.784,2173759.194,100,Point,-73.343389,5.572472,-73.34328731,5.572533737,,
101,PYA27P3,PYA27,PYA,27,3,P,PERFORACION,10,<Null>,<Null>,<Null>,PERFORACION3,BARRIO RODEO ,<Null>,4961983.784,2173759.194,101,Point,-73.343389,5.572472,-73.34328268,5.572648934,,
102,DEI28P1,DEI28,DEI,28,1,P,PERFORACION,25,<Null>,<Null>,<Null>,PERFORACION1,SANTA ANA,<Null>,4962153.937,2172851.475,102,Point,-73.341847,5.564258,-73.341847,5.564258,,
103,DEI28P2,DEI28,DEI,28,2,P,PERFORACION,25,<Null>,<Null>,<Null>,PERFORACION2,SANTA ANA,<Null>,4962169.022,2172878.477,103,Point,-73.341711,5.564503,-73.341711,5.564503,,
104,DEI28P3,DEI28,DEI,28,3,P,PERFORACION,25,<Null>,<Null>,<Null>,PERFORACION3,SANTA ANA,<Null>,4962197.624,2172881.223,104,Point,-73.341453,5.564528,-73.341453,5.564528,,
105,DEI28P4,DEI28,DEI,28,4,P,PERFORACION,25,<Null>,<Null>,<Null>,PERFORACION4,SANTA ANA,<Null>,4962207.786,2172903.624,105,Point,-73.341361,5.564731,-73.341361,5.564731,,
106,DEI28P5,DEI28,DEI,28,5,P,PERFORACION,25,<Null>,<Null>,<Null>,PERFORACION5,SANTA ANA,<Null>,4962229.011,2172913.126,106,Point,-73.341169,5.564817,-73.341169,5.564817,,
107,LHL29P1,LHL29,LHL,29,1,P,PERFORACION,15,<Null>,<Null>,<Null>,PERFORACION1,JORGE ELIECER GAITAN ,<Null>,4959581.73,2170742.475,107,Point,-73.365069,5.545158,-73.365069,5.545158,,
108,LHL29P3,LHL29,LHL,29,3,P,PERFORACION,15,<Null>,<Null>,<Null>,PERFORACION3,JORGE ELIECER GAITAN ,<Null>,4959581.73,2170742.475,108,Point,-73.365069,5.545158,-73.36494231,5.545260203,,
109,LHL29P4,LHL29,LHL,29,4,P,PERFORACION,15,<Null>,<Null>,<Null>,PERFORACION4,JORGE ELIECER GAITAN ,<Null>,4959581.73,2170742.475,109,Point,-73.365069,5.545158,-73.36487612,5.545332804,,
110,PYA30P1,PYA30,PYA,30,1,P,PERFORACION,10,<Null>,<Null>,<Null>,PERFORACION1,CAPITOLIO ,<Null>,4962632.687,2173789.514,110,Point,-73.337528,5.57275,-73.337528,5.57275,,
111,PYA30P2,PYA30,PYA,30,2,P,PERFORACION,10,<Null>,<Null>,<Null>,PERFORACION2,CAPITOLIO ,<Null>,4962632.687,2173789.514,111,Point,-73.337528,5.57275,-73.33747485,5.572841739,,
112,PYA30P3,PYA30,PYA,30,3,P,PERFORACION,10,<Null>,<Null>,<Null>,PERFORACION3,CAPITOLIO ,<Null>,4962632.687,2173789.514,112,Point,-73.337528,5.57275,-73.33742117,5.572832982,,
113,PYA31P1,PYA31,PYA,31,1,P,PERFORACION,15,<Null>,<Null>,<Null>,PERFORACION1,LIBERTADOR,<Null>,4958987.961,2168051.917,113,Point,-73.370417,5.520806,-73.370417,5.520806,,
114,PYA31P2,PYA31,PYA,31,2,P,PERFORACION,15,<Null>,<Null>,<Null>,PERFORACION2,LIBERTADOR,<Null>,4958987.961,2168051.917,114,Point,-73.370417,5.520806,-73.37038511,5.520931943,,
115,PYA31P3,PYA31,PYA,31,3,P,PERFORACION,15,<Null>,<Null>,<Null>,PERFORACION3,LIBERTADOR,<Null>,4958987.961,2168051.917,115,Point,-73.370417,5.520806,-73.37041372,5.520903932,,
116,PYA31P4,PYA31,PYA,31,4,P,PERFORACION,15,<Null>,<Null>,<Null>,PERFORACION4,LIBERTADOR,<Null>,4958987.961,2168051.917,116,Point,-73.370417,5.520806,-73.3702185,5.520870393,,
117,DEI32P1,DEI32,DEI,32,1,P,PERFORACION,15,"0,75",<Null>,<Null>,PERFORACION1,MANOLETE,<Null>,4961642.924,2171458.267,117,Point,-73.346456,5.551647,-73.346456,5.551647,,
118,DEI32P2,DEI32,DEI,32,2,P,PERFORACION,15,"0,75",<Null>,<Null>,PERFORACION2,MANOLETE,<Null>,4961650.918,2171454.579,118,Point,-73.346383,5.551614,-73.346383,5.551614,,
119,DEI32P3,DEI32,DEI,32,3,P,PERFORACION,15,"0,75",<Null>,<Null>,PERFORACION3,MANOLETE,<Null>,4961652.463,2171466.242,119,Point,-73.346369,5.551719,-73.346369,5.551719,,
120,DEI32P4,DEI32,DEI,32,4,P,PERFORACION,15,"0,75",<Null>,<Null>,PERFORACION4,MANOLETE,<Null>,4959060.96,2166738.168,120,Point,-73.36975,5.508917,-73.36975,5.508917,,
121,PYA33P1,PYA33,PYA,33,1,P,PERFORACION,10,<Null>,<Null>,<Null>,PERFORACION1,MERCADO MAYOR DE TUNJA,<Null>,4961650.918,2171454.579,121,Point,-73.346383,5.551614,-73.346383,5.551614,,
122,PYA33P2,PYA33,PYA,33,2,P,PERFORACION,10,<Null>,<Null>,<Null>,PERFORACION2,MERCADO MAYOR DE TUNJA,<Null>,4961650.918,2171454.579,122,Point,-73.346383,5.551614,-73.34634384,5.551802595,,
123,PYA33P3,PYA33,PYA,33,3,P,PERFORACION,10,<Null>,<Null>,<Null>,PERFORACION3,MERCADO MAYOR DE TUNJA,<Null>,4961650.918,2171454.579,123,Point,-73.346383,5.551614,-73.34631741,5.551648158,,
124,PYA34P1,PYA34,PYA,34,1,P,PERFORACION,10,<Null>,<Null>,<Null>,PERFORACION1,BARRIO JORDAN ,<Null>,4959906.522,2168412.881,124,Point,-73.362122,5.524077,-73.362122,5.524077,,
125,PYA34P2,PYA34,PYA,34,2,P,PERFORACION,10,<Null>,<Null>,<Null>,PERFORACION2,BARRIO JORDAN ,<Null>,4959906.504,2168402.889,125,Point,-73.362123,5.523987,-73.362123,5.523987,,
126,PYA34P3,PYA34,PYA,34,3,P,PERFORACION,10,<Null>,<Null>,<Null>,PERFORACION3,BARRIO JORDAN ,<Null>,4959916.488,2168398.875,126,Point,-73.362032,5.523951,-73.362032,5.523951,,
127,LHL35P1,LHL35,LHL,35,1,P,PERFORACION,15,<Null>,<Null>,<Null>,PERFORACION1,ALTOS DE ARBOLEDA,<Null>,4962941.787,2173677.023,127,Point,-73.334735,5.571734,-73.334735,5.571734,,
128,LHL35P2,LHL35,LHL,35,2,P,PERFORACION,15,<Null>,<Null>,<Null>,PERFORACION2,ALTOS DE ARBOLEDA,<Null>,4962941.787,2173677.023,128,Point,-73.334735,5.571734,-73.33460589,5.57174513,,
129,PYA36P1,PYA36,PYA,36,1,P,PERFORACION,12,<Null>,<Null>,<Null>,PERFORACION1, VILLAS DEL NORTE,<Null>,4962974.198,2173533.888,129,Point,-73.334442,5.570438,-73.334442,5.570438,,
130,PYA36P2,PYA36,PYA,36,2,P,PERFORACION,12,<Null>,<Null>,<Null>,PERFORACION2, VILLAS DEL NORTE,<Null>,4962974.198,2173533.888,130,Point,-73.334442,5.570438,-73.33427938,5.570622767,,
131,LHL37P3,LHL37,LHL,37,3,P,PERFORACION,15,"2,7",<Null>,<Null>,PERFORACION3,LA MARIA ,<Null>,4961392.669,2172495.871,131,Point,-73.348721,5.561036,-73.348721,5.561036,,
132,LHL37P4,LHL37,LHL,37,4,P,PERFORACION,15,"2,7",<Null>,<Null>,PERFORACION4,LA MARIA ,<Null>,4961392.669,2172495.871,132,Point,-73.348721,5.561036,-73.34869255,5.561092949,,
133,PYA38P1,PYA38,PYA,38,1,P,PERFORACION,10,<Null>,<Null>,<Null>,PERFORACION1,<Null>,<Null>,4962941.787,2173677.023,133,Point,-73.334735,5.571734,-73.334735,5.571734,,
134,PYA38P2,PYA38,PYA,38,2,P,PERFORACION,10,<Null>,<Null>,<Null>,PERFORACION2,<Null>,<Null>,4962941.787,2173677.023,134,Point,-73.334735,5.571734,-73.33459606,5.571797983,,
135,LHL39P1,LHL39,LHL,39,1,P,PERFORACION,15,4,<Null>,<Null>,PERFORACION1,SIBERIA,<Null>,4962974.198,2173533.888,135,Point,-73.334442,5.570438,-73.334442,5.570438,,
136,LHL39P2,LHL39,LHL,39,2,P,PERFORACION,15,4,<Null>,<Null>,PERFORACION2,SIBERIA,<Null>,4962974.198,2173533.888,136,Point,-73.334442,5.570438,-73.33427011,5.570457547,,
137,JIS40P1,JIS40,JIS,40,1,P,PERFORACION,15,<Null>,<Null>,<Null>,PERFORACION1,JORDAN,<Null>,4961896.313,2171417.296,137,Point,-73.344167,5.551278,-73.344167,5.551278,,
138,JIS40P2,JIS40,JIS,40,2,P,PERFORACION,15,<Null>,<Null>,<Null>,PERFORACION2,JORDAN,<Null>,4961896.313,2171417.296,138,Point,-73.344167,5.551278,-73.34402717,5.551318315,,
139,JIS40P3,JIS40,JIS,40,3,P,PERFORACION,15,<Null>,<Null>,<Null>,PERFORACION3,JORDAN,<Null>,4961896.313,2171417.296,139,Point,-73.344167,5.551278,-73.34414626,5.551325911,,
140,JIS40P4,JIS40,JIS,40,4,P,PERFORACION,15,<Null>,<Null>,<Null>,PERFORACION4,JORDAN,<Null>,4961896.313,2171417.296,140,Point,-73.344167,5.551278,-73.34406156,5.551308272,,
141,PYA41P1,PYA41,PYA,41,1,P,PERFORACION,10,<Null>,<Null>,<Null>,PERFORACION1,ALTOS DE ALEJANDRIA,<Null>,4960121.009,2170101.579,141,Point,-73.360194,5.539361,-73.360194,5.539361,,
142,PYA41P2,PYA41,PYA,41,2,P,PERFORACION,10,<Null>,<Null>,<Null>,PERFORACION2,ALTOS DE ALEJANDRIA,<Null>,4960121.009,2170101.579,142,Point,-73.360194,5.539361,-73.36018183,5.539506569,,
143,PYA41P3,PYA41,PYA,41,3,P,PERFORACION,10,<Null>,<Null>,<Null>,PERFORACION3,ALTOS DE ALEJANDRIA,<Null>,4960121.009,2170101.579,143,Point,-73.360194,5.539361,-73.36008407,5.53954595,,
144,LHL42P1,LHL42,LHL,42,1,P,PERFORACION,15,4,<Null>,<Null>,PERFORACION1,<Null>,<Null>,4958965.552,2167456.19,144,Point,-73.370616,5.515414,-73.370616,5.515414,,
145,LHL42P3,LHL42,LHL,42,3,P,PERFORACION,15,4,<Null>,<Null>,PERFORACION3,<Null>,<Null>,4958965.552,2167456.19,145,Point,-73.370616,5.515414,-73.37053764,5.515520057,,
146,PYA43P1,PYA43,PYA,43,1,P,PERFORACION,12,<Null>,<Null>,<Null>,PERFORACION1,MALDONADO,<Null>,4962069.784,2173571.911,146,Point,-73.342611,5.570778,-73.342611,5.570778,,
147,PYA43P2,PYA43,PYA,43,2,P,PERFORACION,12,<Null>,<Null>,<Null>,PERFORACION2,MALDONADO ,<Null>,4962069.784,2173571.911,147,Point,-73.342611,5.570778,-73.34242454,5.57091551,,
148,PYA43P3,PYA43,PYA,43,3,P,PERFORACION,12,<Null>,<Null>,<Null>,PERFORACION3,MALDONADO ,<Null>,4962069.784,2173571.911,148,Point,-73.342611,5.570778,-73.34254216,5.57091002,,
149,PYA44P1,PYA44,PYA,44,1,P,PERFORACION,10,<Null>,<Null>,<Null>,PERFORACION1,MUISCAS,<Null>,4959890.797,2170835.306,149,Point,-73.362278,5.546,-73.362278,5.546,,
150,PYA44P2,PYA44,PYA,44,2,P,PERFORACION,10,<Null>,<Null>,<Null>,PERFORACION2,MUISCAS,<Null>,4959890.797,2170835.306,150,Point,-73.362278,5.546,-73.36208779,5.546168738,,
151,PYA44P3,PYA44,PYA,44,3,P,PERFORACION,10,<Null>,<Null>,<Null>,PERFORACION3,MUISCAS,<Null>,4959890.797,2170835.306,151,Point,-73.362278,5.546,-73.36214894,5.546190044,,
152,PYA44P4,PYA44,PYA,44,4,P,PERFORACION,10,<Null>,<Null>,<Null>,PERFORACION4,MUISCAS,<Null>,4959890.797,2170835.306,152,Point,-73.362278,5.546,-73.36226486,5.546157469,,
153,LHL45P2,LHL45,LHL,45,2,P,PERFORACION,15,<Null>,<Null>,<Null>,PERFORACION2,VILLA TOLOSA,<Null>,4960808.488,2172863.624,153,Point,-73.354,5.564361,-73.354,5.564361,,
154,LHL45P3,LHL45,LHL,45,3,P,PERFORACION,15,<Null>,<Null>,<Null>,PERFORACION3,VILLA TOLOSA,<Null>,4960808.488,2172863.624,154,Point,-73.354,5.564361,-73.35395883,5.564432783,,
155,LHL45P4,LHL45,LHL,45,4,P,PERFORACION,15,<Null>,<Null>,<Null>,PERFORACION4,VILLA TOLOSA,<Null>,4960808.488,2172863.624,155,Point,-73.354,5.564361,-73.3539167,5.564410579,,
156,LHL45P5,LHL45,LHL,45,5,P,PERFORACION,15,<Null>,<Null>,<Null>,PERFORACION5,VILLA TOLOSA,<Null>,4960808.488,2172863.624,156,Point,-73.354,5.564361,-73.35391462,5.564394346,,
157,JPI46P1,JPI46,JPI,46,1,P,PERFORACION,10.3,<Null>,<Null>,<Null>,PERFORACION1,GAITAN ,<Null>,4959619.026,2168990.763,157,Point,-73.364722,5.529306,-73.364722,5.529306,,
158,JPI46P2,JPI46,JPI,46,2,P,PERFORACION,10.3,<Null>,<Null>,<Null>,PERFORACION2,GAITAN ,<Null>,4959619.026,2168990.763,158,Point,-73.364722,5.529306,-73.36455966,5.529313824,,
159,LHL47P1,LHL47,LHL,47,1,P,PERFORACION,25,"3,7",<Null>,<Null>,PERFORACION1,AV UNIVERSITARIA,<Null>,4961649.792,2171404.938,159,Point,-73.346393,5.551165,-73.346393,5.551165,,
160,LHL47P2,LHL47,LHL,47,2,P,PERFORACION,15,"3,7",<Null>,<Null>,PERFORACION2,AV UNIVERSITARIA,<Null>,4961649.792,2171404.938,160,Point,-73.346393,5.551165,-73.3463486,5.551215901,,
161,LHL47P3,LHL47,LHL,47,3,P,PERFORACION,25,"3,7",<Null>,<Null>,PERFORACION3,AV UNIVERSITARIA,<Null>,4961649.792,2171404.938,161,Point,-73.346393,5.551165,-73.34630781,5.551171286,,
162,LHL47P4,LHL47,LHL,47,4,P,PERFORACION,15,"3,7",<Null>,<Null>,PERFORACION4,AV UNIVERSITARIA,<Null>,4961649.792,2171404.938,162,Point,-73.346393,5.551165,-73.34635328,5.551193575,,
163,PYA48P1,PYA48,PYA,48,1,P,PERFORACION,10,<Null>,<Null>,<Null>,PERFORACION1,SANTA BARBARA,<Null>,4960545.784,2170702.925,163,Point,-73.356361,5.544806,-73.356361,5.544806,,
164,PYA48P2,PYA48,PYA,48,2,P,PERFORACION,10,<Null>,<Null>,<Null>,PERFORACION2,SANTA BARBARA,<Null>,4960545.784,2170702.925,164,Point,-73.356361,5.544806,-73.35623895,5.54496952,,
165,PYA48P3,PYA48,PYA,48,3,P,PERFORACION,10,<Null>,<Null>,<Null>,PERFORACION3,SANTA BARBARA,<Null>,4960545.784,2170702.925,165,Point,-73.356361,5.544806,-73.35624305,5.544875367,,
166,DEI49P1,DEI49,DEI,49,1,P,PERFORACION,15,<Null>,<Null>,<Null>,PERFORACION1,AV OLIMPICA,<Null>,4960548.861,2170705.992,166,Point,-73.356333,5.544833,-73.356333,5.544833,,
167,DEI49P2,DEI49,DEI,49,2,P,PERFORACION,15,<Null>,<Null>,<Null>,PERFORACION2,AV OLIMPICA,<Null>,4960551.933,2170699.852,167,Point,-73.356306,5.544778,-73.356306,5.544778,,
168,DEI49P3,DEI49,DEI,49,3,P,PERFORACION,15,<Null>,<Null>,<Null>,PERFORACION3,AV OLIMPICA,<Null>,4960553.473,2170704.455,168,Point,-73.356292,5.544819,-73.356292,5.544819,,
169,DEI49P4,DEI49,DEI,49,4,P,PERFORACION,15,<Null>,<Null>,<Null>,PERFORACION4,AV OLIMPICA,<Null>,4961826.783,2173483.04,169,Point,-73.344806,5.569972,-73.344806,5.569972,,
170,PYA50P1,PYA50,PYA,50,1,P,PERFORACION,10,<Null>,<Null>,<Null>,PERFORACION1,BARRIO ASIS,<Null>,4961826.783,2173483.04,170,Point,-73.344806,5.569972,-73.34463865,5.570041561,,
171,PYA50P2,PYA50,PYA,50,2,P,PERFORACION,10,<Null>,<Null>,<Null>,PERFORACION2,BARRIO ASIS,<Null>,4961826.783,2173483.04,171,Point,-73.344806,5.569972,-73.34479255,5.570042724,,
172,PYA50P3,PYA50,PYA,50,3,P,PERFORACION,10,<Null>,<Null>,<Null>,PERFORACION3,BARRIO ASIS,<Null>,4961826.783,2173483.04,172,Point,-73.344806,5.569972,-73.34479414,5.570061153,,
